{
  "system_info": {
    "timestamp": "2026-01-12T22:16:02.806114",
    "python_version": "3.12.3",
    "cpu_count": 40,
    "cpu_percent": 3.9,
    "memory_total_gb": 62.757720947265625,
    "memory_available_gb": 49.180885314941406,
    "memory_used_gb": 13.576835632324219,
    "torch_version": "2.9.1+cu128",
    "cuda_available": true,
    "cuda_device_count": 1,
    "cuda_device_name": "NVIDIA GeForce RTX 3060"
  },
  "imports": {
    "ModelManager": 3895.665168762207,
    "InferencePipeline": 1606.0831546783447,
    "ShapeGenPipeline": 0.0030994415283203125,
    "TextureGenPipeline": 0.0016689300537109375,
    "build_app": 2027.984380722046
  },
  "import_overhead": {
    "torch_import_ms": 0.0011920928955078125,
    "transformers_import_ms": 0.004291534423828125,
    "diffusers_import_ms": 0.003337860107421875
  },
  "mesh_operations": {
    "mesh_creation_ms": 0.7295608520507812,
    "mesh_copy_ms": 0.22411346435546875,
    "mesh_export_glb_ms": 0.5562305450439453,
    "glb_size_kb": 0.74609375,
    "mesh_reload_ms": 0.3600120544433594,
    "large_mesh_creation_ms": 0.1697540283203125
  },
  "app_building": {
    "app_build_time_ms": 240.85736274719238,
    "memory_used_mb": 5.3125
  },
  "api_server": {
    "api_init_time_ms": 0.0002384185791015625,
    "total_routes": 9
  }
}